character_name,role,tier,character_url
Zibai,Main DPS,SS,https://game8.co/games/Genshin-Impact/archives/570263
Mavuika,Main DPS,SS,https://game8.co/games/Genshin-Impact/archives/461999
Nefer,Main DPS,SS,https://game8.co/games/Genshin-Impact/archives/538448
Flins,Main DPS,SS,https://game8.co/games/Genshin-Impact/archives/538451
Varka,Main DPS,SS,https://game8.co/games/Genshin-Impact/archives/314346
Sandrone,Main DPS,SS,https://game8.co/games/Genshin-Impact/archives/382107
Skirk,Main DPS,SS,https://game8.co/games/Genshin-Impact/archives/333140
Columbina,Sub-DPS,SS,https://game8.co/games/Genshin-Impact/archives/382106
Ineffa,Sub-DPS,SS,https://game8.co/games/Genshin-Impact/archives/531360
Lauma,Sub-DPS,SS,https://game8.co/games/Genshin-Impact/archives/538066
Linnea,Sub-DPS,SS,https://game8.co/games/Genshin-Impact/archives/551088
Furina,Sub-DPS,SS,https://game8.co/games/Genshin-Impact/archives/Furina-Best-Builds
Escoffier,Sub-DPS,SS,https://game8.co/games/Genshin-Impact/archives/385307
Durin,Sub-DPS,SS,https://game8.co/games/Genshin-Impact/archives/462478
Mavuika,Sub-DPS,SS,https://game8.co/games/Genshin-Impact/archives/461999
Columbina,Support,SS,https://game8.co/games/Genshin-Impact/archives/382106
Furina,Support,SS,https://game8.co/games/Genshin-Impact/archives/Furina-Best-Builds
Lauma,Support,SS,https://game8.co/games/Genshin-Impact/archives/538066
Nicole,Support,SS,https://game8.co/games/Genshin-Impact/archives/406932
Linnea,Support,SS,https://game8.co/games/Genshin-Impact/archives/551088
Bennett,Support,SS,https://game8.co/games/Genshin-Impact/archives/Bennett-Best-Builds
Iansan,Support,SS,https://game8.co/games/Genshin-Impact/archives/345881
Citlali,Support,SS,https://game8.co/games/Genshin-Impact/archives/461989
Ineffa,Support,SS,https://game8.co/games/Genshin-Impact/archives/531360
Varesa,Main DPS,S,https://game8.co/games/Genshin-Impact/archives/500244
Kinich,Main DPS,S,https://game8.co/games/Genshin-Impact/archives/461991
Arlecchino,Main DPS,S,https://game8.co/games/Genshin-Impact/archives/382103
Mualani,Main DPS,S,https://game8.co/games/Genshin-Impact/archives/461994
Lohen,Main DPS,S,https://game8.co/games/Genshin-Impact/archives/580697
Venti,Main DPS,S,https://game8.co/games/Genshin-Impact/archives/Venti-Best-Builds
Klee,Main DPS,S,https://game8.co/games/Genshin-Impact/archives/297521
Neuvillette,Main DPS,S,https://game8.co/games/Genshin-Impact/archives/Neuvillette-Best-Builds
Chasca,Main DPS,S,https://game8.co/games/Genshin-Impact/archives/462001
Yelan,Sub-DPS,S,https://game8.co/games/Genshin-Impact/archives/372781
Fischl,Sub-DPS,S,https://game8.co/games/Genshin-Impact/archives/297524
Nahida,Sub-DPS,S,https://game8.co/games/Genshin-Impact/archives/Nahida-Best-Builds
Albedo,Sub-DPS,S,https://game8.co/games/Genshin-Impact/archives/312182
Emilie,Sub-DPS,S,https://game8.co/games/Genshin-Impact/archives/422493
Xingqiu,Sub-DPS,S,https://game8.co/games/Genshin-Impact/archives/297531
Xiangling,Sub-DPS,S,https://game8.co/games/Genshin-Impact/archives/297530
Venti,Sub-DPS,S,https://game8.co/games/Genshin-Impact/archives/Venti-Best-Builds
Xilonen,Support,S,https://game8.co/games/Genshin-Impact/archives/461997
Escoffier,Support,S,https://game8.co/games/Genshin-Impact/archives/385307
Sucrose,Support,S,https://game8.co/games/Genshin-Impact/archives/297525
Chevreuse,Support,S,https://game8.co/games/Genshin-Impact/archives/426201
Nahida,Support,S,https://game8.co/games/Genshin-Impact/archives/Nahida-Best-Builds
Mona,Support,S,https://game8.co/games/Genshin-Impact/archives/Mona-Best-Builds
Kazuha,Support,S,https://game8.co/games/Genshin-Impact/archives/332826
Xianyun,Support,S,https://game8.co/games/Genshin-Impact/archives/Xianyun-Best-Builds
Baizhu,Support,S,https://game8.co/games/Genshin-Impact/archives/314348
Zhongli,Support,S,https://game8.co/games/Genshin-Impact/archives/305858
Qiqi,Support,S,https://game8.co/games/Genshin-Impact/archives/297533
Shenhe,Support,S,https://game8.co/games/Genshin-Impact/archives/346620
Clorinde,Main DPS,A,https://game8.co/games/Genshin-Impact/archives/417218
Gaming,Main DPS,A,https://game8.co/games/Genshin-Impact/archives/Gaming-Best-Builds
Navia,Main DPS,A,https://game8.co/games/Genshin-Impact/archives/417194
Alhaitham,Main DPS,A,https://game8.co/games/Genshin-Impact/archives/383712
Ayaka,Main DPS,A,https://game8.co/games/Genshin-Impact/archives/315215
Wriothesley,Main DPS,A,https://game8.co/games/Genshin-Impact/archives/Wriothesley-Best-Builds
Lyney,Main DPS,A,https://game8.co/games/Genshin-Impact/archives/345540
Hu Tao,Main DPS,A,https://game8.co/games/Genshin-Impact/archives/314347
Xiao,Main DPS,A,https://game8.co/games/Genshin-Impact/archives/297527
Razor,Main DPS,A,https://game8.co/games/Genshin-Impact/archives/297519
Yae Miko,Sub-DPS,A,https://game8.co/games/Genshin-Impact/archives/327533
Raiden,Sub-DPS,A,https://game8.co/games/Genshin-Impact/archives/337161
Nilou,Sub-DPS,A,https://game8.co/games/Genshin-Impact/archives/383715
Shinobu,Sub-DPS,A,https://game8.co/games/Genshin-Impact/archives/346199
Ororon,Sub-DPS,A,https://game8.co/games/Genshin-Impact/archives/461993
Mona,Sub-DPS,A,https://game8.co/games/Genshin-Impact/archives/Mona-Best-Builds
Prune,Sub-DPS,A,https://game8.co/games/Genshin-Impact/archives/590328
Sucrose,Sub-DPS,A,https://game8.co/games/Genshin-Impact/archives/297525
Aino,Sub-DPS,A,https://game8.co/games/Genshin-Impact/archives/537903
Chiori,Sub-DPS,A,https://game8.co/games/Genshin-Impact/archives/382793
Prune,Support,A,https://game8.co/games/Genshin-Impact/archives/590328
Jean,Support,A,https://game8.co/games/Genshin-Impact/archives/297536
Kokomi,Support,A,https://game8.co/games/Genshin-Impact/archives/337140
Yaoyao,Support,A,https://game8.co/games/Genshin-Impact/archives/314174
Lan Yan,Support,A,https://game8.co/games/Genshin-Impact/archives/486709
Layla,Support,A,https://game8.co/games/Genshin-Impact/archives/386486
Shinobu,Support,A,https://game8.co/games/Genshin-Impact/archives/346199
Illuga,Support,A,https://game8.co/games/Genshin-Impact/archives/555902
Raiden,Main DPS,B,https://game8.co/games/Genshin-Impact/archives/337161
Cyno,Main DPS,B,https://game8.co/games/Genshin-Impact/archives/315233
Tartaglia,Main DPS,B,https://game8.co/games/Genshin-Impact/archives/305862
Wanderer,Main DPS,B,https://game8.co/games/Genshin-Impact/archives/309656
Yoimiya,Main DPS,B,https://game8.co/games/Genshin-Impact/archives/333497
Diluc,Main DPS,B,https://game8.co/games/Genshin-Impact/archives/297518
Itto,Main DPS,B,https://game8.co/games/Genshin-Impact/archives/345461
Ayato,Main DPS,B,https://game8.co/games/Genshin-Impact/archives/345514
Ganyu,Main DPS,B,https://game8.co/games/Genshin-Impact/archives/312173
Tighnari,Main DPS,B,https://game8.co/games/Genshin-Impact/archives/382082
Rosaria,Sub-DPS,B,https://game8.co/games/Genshin-Impact/archives/314177
Ganyu,Sub-DPS,B,https://game8.co/games/Genshin-Impact/archives/312173
Kokomi,Sub-DPS,B,https://game8.co/games/Genshin-Impact/archives/337140
Thoma,Sub-DPS,B,https://game8.co/games/Genshin-Impact/archives/337141
Beidou,Sub-DPS,B,https://game8.co/games/Genshin-Impact/archives/297528
Collei,Sub-DPS,B,https://game8.co/games/Genshin-Impact/archives/382079
Jahoda,Sub-DPS,B,https://game8.co/games/Genshin-Impact/archives/538446
Lynette,Sub-DPS,B,https://game8.co/games/Genshin-Impact/archives/345879
Kaeya,Sub-DPS,B,https://game8.co/games/Genshin-Impact/archives/297516
Sigewinne,Support,B,https://game8.co/games/Genshin-Impact/archives/352956
Diona,Support,B,https://game8.co/games/Genshin-Impact/archives/305872
Faruzan,Support,B,https://game8.co/games/Genshin-Impact/archives/391897
Yun Jin,Support,B,https://game8.co/games/Genshin-Impact/archives/314345
Gorou,Support,B,https://game8.co/games/Genshin-Impact/archives/336726
Charlotte,Support,B,https://game8.co/games/Genshin-Impact/archives/412428
Kirara,Support,B,https://game8.co/games/Genshin-Impact/archives/409556
Dehya,Support,B,https://game8.co/games/Genshin-Impact/archives/Dehya-Best-Builds
Sara,Support,B,https://game8.co/games/Genshin-Impact/archives/336727
Sethos,Main DPS,C,https://game8.co/games/Genshin-Impact/archives/451024
Ifa,Main DPS,C,https://game8.co/games/Genshin-Impact/archives/472693
Mizuki,Main DPS,C,https://game8.co/games/Genshin-Impact/archives/492414
Keqing,Main DPS,C,https://game8.co/games/Genshin-Impact/archives/Keqing-Best-Builds
Noelle,Main DPS,C,https://game8.co/games/Genshin-Impact/archives/297523
Eula,Main DPS,C,https://game8.co/games/Genshin-Impact/archives/328764
Yanfei,Main DPS,C,https://game8.co/games/Genshin-Impact/archives/328765
Heizou,Main DPS,C,https://game8.co/games/Genshin-Impact/archives/345516
Kachina,Sub-DPS,C,https://game8.co/games/Genshin-Impact/archives/462004
Dehya,Sub-DPS,C,https://game8.co/games/Genshin-Impact/archives/Dehya-Best-Builds
Lisa,Sub-DPS,C,https://game8.co/games/Genshin-Impact/archives/Lisa-Best-Builds
Chongyun,Sub-DPS,C,https://game8.co/games/Genshin-Impact/archives/297532
Sayu,Sub-DPS,C,https://game8.co/games/Genshin-Impact/archives/333496
Jahoda,Support,C,https://game8.co/games/Genshin-Impact/archives/538446
Mika,Support,C,https://game8.co/games/Genshin-Impact/archives/390096
Mizuki,Support,C,https://game8.co/games/Genshin-Impact/archives/492414
Dahlia,Support,C,https://game8.co/games/Genshin-Impact/archives/516026
Barbara,Support,C,https://game8.co/games/Genshin-Impact/archives/297517
Sayu,Support,C,https://game8.co/games/Genshin-Impact/archives/333496
Candace,Support,C,https://game8.co/games/Genshin-Impact/archives/386384
Thoma,Support,C,https://game8.co/games/Genshin-Impact/archives/337141
Rosaria,Support,C,https://game8.co/games/Genshin-Impact/archives/314177
Kaveh,Main DPS,D,https://game8.co/games/Genshin-Impact/archives/Kaveh-Best-Builds
Freminet,Main DPS,D,https://game8.co/games/Genshin-Impact/archives/417207
Ningguang,Main DPS,D,https://game8.co/games/Genshin-Impact/archives/297529
Dehya,Main DPS,D,https://game8.co/games/Genshin-Impact/archives/Dehya-Best-Builds
Xinyan,Main DPS,D,https://game8.co/games/Genshin-Impact/archives/305873
Aloy,Main DPS,D,https://game8.co/games/Genshin-Impact/archives/337957
Xinyan,Sub-DPS,D,https://game8.co/games/Genshin-Impact/archives/305873
Amber,Sub-DPS,D,https://game8.co/games/Genshin-Impact/archives/297535
Dori,Support,D,https://game8.co/games/Genshin-Impact/archives/380569
Lisa,Support,D,https://game8.co/games/Genshin-Impact/archives/Lisa-Best-Builds
Chongyun,Support,D,https://game8.co/games/Genshin-Impact/archives/297532
Noelle,Support,D,https://game8.co/games/Genshin-Impact/archives/297523
Xinyan,Support,D,https://game8.co/games/Genshin-Impact/archives/305873
